{
  "model_version": "v1_baseline_en",
  "base_model": "distilbert-base-uncased",
  "hyperparameters": {
    "epochs": 3,
    "batch_size": 16,
    "learning_rate": 5e-05,
    "max_seq_len": 64,
    "train_size": 15996,
    "test_size": 4004,
    "test_split_ratio": 0.2,
    "random_state": 42
  },
  "training_history": {
    "train_loss": [
      0.07365481490857201,
      0.007482072485901881,
      0.0070894892333744795
    ],
    "train_accuracy": [
      0.976053833699549,
      0.9983303457846652,
      0.9978894414247717
    ],
    "test_loss": [
      0.006470062898887522,
      0.0013592635772786514,
      0.0014417885726853922
    ],
    "test_accuracy": [
      0.998450745396083,
      0.9996784565916399,
      0.9997076878105817
    ],
    "test_precision_weighted": [
      0.9984600937273573,
      0.9996796123112817,
      0.9997081153323588
    ],
    "test_recall_weighted": [
      0.998450745396083,
      0.9996784565916399,
      0.9997076878105817
    ],
    "test_f1_weighted": [
      0.9984517894677103,
      0.999678694977064,
      0.9997077196841184
    ]
  },
  "final_metrics": {
    "loss": 0.0014417885726853922,
    "accuracy": 0.9997076878105817,
    "precision_weighted": 0.9997081153323588,
    "recall_weighted": 0.9997076878105817,
    "f1_weighted": 0.9997077196841184,
    "precision_macro": 0.999403833154622,
    "recall_macro": 0.9998363681398088,
    "f1_macro": 0.9996197929106714,
    "confusion_matrix": [
      [
        3126,
        0,
        0,
        0,
        0,
        0,
        0,
        0,
        0
      ],
      [
        0,
        8023,
        4,
        0,
        0,
        0,
        0,
        4,
        1
      ],
      [
        0,
        0,
        5529,
        0,
        0,
        0,
        0,
        0,
        0
      ],
      [
        0,
        0,
        0,
        2545,
        0,
        0,
        0,
        0,
        0
      ],
      [
        0,
        0,
        0,
        0,
        0,
        0,
        0,
        0,
        0
      ],
      [
        0,
        0,
        0,
        0,
        0,
        7259,
        0,
        0,
        0
      ],
      [
        1,
        0,
        0,
        0,
        0,
        0,
        5303,
        0,
        0
      ],
      [
        0,
        0,
        0,
        0,
        0,
        0,
        0,
        1557,
        0
      ],
      [
        0,
        0,
        0,
        0,
        0,
        0,
        0,
        0,
        858
      ]
    ]
  },
  "labels": [
    "O",
    "B-TITLE",
    "I-TITLE",
    "B-YEAR",
    "I-YEAR",
    "B-QUALITY",
    "I-QUALITY",
    "B-ARTIST",
    "I-ARTIST"
  ]
}