{
  "model_version": "v2_multilingual_cased",
  "base_model": "distilbert-base-multilingual-cased",
  "hyperparameters": {
    "epochs": 3,
    "batch_size": 16,
    "learning_rate": 5e-05,
    "max_seq_len": 64,
    "train_size": 15996,
    "test_size": 4004,
    "test_split_ratio": 0.2,
    "random_state": 42
  },
  "training_history": {
    "train_loss": [
      0.052393801840953526,
      0.0030834716662357094,
      0.004940396519014029
    ],
    "train_accuracy": [
      0.9838092993911385,
      0.9992018668713941,
      0.9988142022089285
    ],
    "test_loss": [
      0.00443828970368254,
      0.001616249552837933,
      0.0008802845083820389
    ],
    "test_accuracy": [
      0.9990456546501246,
      0.9996613613274636,
      0.9997229319951975
    ],
    "test_precision_weighted": [
      0.9990473427052041,
      0.9996617159273634,
      0.9997231924912663
    ],
    "test_recall_weighted": [
      0.9990456546501246,
      0.9996613613274636,
      0.9997229319951975
    ],
    "test_f1_weighted": [
      0.9990457731243496,
      0.9996613319131737,
      0.9997229755168954
    ]
  },
  "final_metrics": {
    "loss": 0.0008802845083820389,
    "accuracy": 0.9997229319951975,
    "precision_weighted": 0.9997231924912663,
    "recall_weighted": 0.9997229319951975,
    "f1_weighted": 0.9997229755168954,
    "precision_macro": 0.9995005882326993,
    "recall_macro": 0.9998215106768849,
    "f1_macro": 0.999660791600786,
    "confusion_matrix": [
      [
        3045,
        0,
        0,
        0,
        0,
        0,
        0,
        0,
        0
      ],
      [
        0,
        6948,
        4,
        0,
        0,
        0,
        0,
        0,
        0
      ],
      [
        0,
        0,
        4887,
        0,
        0,
        0,
        0,
        0,
        2
      ],
      [
        0,
        0,
        0,
        2505,
        0,
        0,
        0,
        0,
        0
      ],
      [
        0,
        0,
        0,
        0,
        0,
        0,
        0,
        0,
        0
      ],
      [
        0,
        0,
        0,
        0,
        0,
        6762,
        3,
        0,
        0
      ],
      [
        0,
        0,
        0,
        0,
        0,
        0,
        6365,
        0,
        0
      ],
      [
        0,
        0,
        0,
        0,
        0,
        0,
        0,
        1225,
        0
      ],
      [
        0,
        0,
        0,
        0,
        0,
        0,
        0,
        0,
        737
      ]
    ]
  },
  "labels": [
    "O",
    "B-TITLE",
    "I-TITLE",
    "B-YEAR",
    "I-YEAR",
    "B-QUALITY",
    "I-QUALITY",
    "B-ARTIST",
    "I-ARTIST"
  ]
}