{
  "model_version": "v3_multilingual_extended_data",
  "base_model": "distilbert-base-multilingual-cased",
  "hyperparameters": {
    "epochs": 3,
    "batch_size": 16,
    "learning_rate": 5e-05,
    "max_seq_len": 64,
    "train_size": 15993,
    "test_size": 4007,
    "test_split_ratio": 0.2,
    "random_state": 42
  },
  "training_history": {
    "train_loss": [
      0.04699614126357483,
      0.0034406368563359136,
      0.003579011811627424
    ],
    "train_accuracy": [
      0.9861464775069723,
      0.9992724627137141,
      0.9992421486601188
    ],
    "test_loss": [
      0.003741964053611208,
      0.02126369682146214,
      0.00033173226845075945
    ],
    "test_accuracy": [
      0.9991941982272361,
      0.9944326422972676,
      0.9999511635289234
    ],
    "test_precision_weighted": [
      0.9991953315971732,
      0.9947000316173377,
      0.9999511778295005
    ],
    "test_recall_weighted": [
      0.9991941982272361,
      0.9944326422972676,
      0.9999511635289234
    ],
    "test_f1_weighted": [
      0.9991939172212453,
      0.9944773497965735,
      0.9999511635278758
    ]
  },
  "final_metrics": {
    "loss": 0.00033173226845075945,
    "accuracy": 0.9999511635289234,
    "precision_weighted": 0.9999511778295005,
    "recall_weighted": 0.9999511635289234,
    "f1_weighted": 0.9999511635278758,
    "precision_macro": 0.9999633967789165,
    "recall_macro": 0.9999633860574106,
    "f1_macro": 0.9999633860566253,
    "confusion_matrix": [
      [
        4431,
        0,
        0,
        0,
        0,
        0,
        0,
        0,
        0
      ],
      [
        0,
        6828,
        0,
        0,
        0,
        0,
        0,
        0,
        0
      ],
      [
        0,
        0,
        5115,
        0,
        0,
        0,
        0,
        0,
        0
      ],
      [
        0,
        0,
        0,
        2547,
        0,
        0,
        0,
        0,
        0
      ],
      [
        0,
        0,
        0,
        0,
        0,
        0,
        0,
        0,
        0
      ],
      [
        0,
        2,
        0,
        0,
        0,
        6826,
        0,
        0,
        0
      ],
      [
        0,
        0,
        0,
        0,
        0,
        0,
        13269,
        0,
        0
      ],
      [
        0,
        0,
        0,
        0,
        0,
        0,
        0,
        1213,
        0
      ],
      [
        0,
        0,
        0,
        0,
        0,
        0,
        0,
        0,
        722
      ]
    ]
  },
  "labels": [
    "O",
    "B-TITLE",
    "I-TITLE",
    "B-YEAR",
    "I-YEAR",
    "B-QUALITY",
    "I-QUALITY",
    "B-ARTIST",
    "I-ARTIST"
  ]
}